"Myrtleford","https://upload.wikimedia.org/wikipedia/commons/3/3e/MyrtlefordVicTobaccoDryingHut.JPG",
"Bright","https://upload.wikimedia.org/wikipedia/commons/8/8a/Bright_Bills_Horse_Trough.JPG",
"Porepunkah","https://upload.wikimedia.org/wikipedia/commons/b/be/Fairleys_Creek_gold_mine.jpg",
"Tawonga South","https://upload.wikimedia.org/wikipedia/commons/f/fd/TawongaBogongHotel.JPG",
"Ararat","https://upload.wikimedia.org/wikipedia/commons/7/77/Barkly_St_to_the_Grampians%2C_Ararat%2C_Vic%2C_jjron%2C_12.01.2011.jpg",
"Moyston","https://upload.wikimedia.org/wikipedia/commons/c/cf/Tom_wills_monument_moyston_victoria.jpg",
"Tatyoon","http://www.ararat.vic.gov.au/library/gallery/1260835303_image_lg_tatyoon-large-01.jpg",
"Lake Bolac","https://upload.wikimedia.org/wikipedia/commons/8/8b/Lake_Bolac_Shops.JPG",
"Wendouree","https://upload.wikimedia.org/wikipedia/commons/4/4a/Eureka_Stadium.jpg",
"Sebastopol","https://upload.wikimedia.org/wikipedia/commons/c/c9/Albert_sebastopol_1866.jpg",
"Alfredton","https://upload.wikimedia.org/wikipedia/commons/1/18/Arch_of_victory_alfredton_victoria.jpg",
"Ballarat Central","https://upload.wikimedia.org/wikipedia/commons/9/9f/Radio_svg_icon.svg",
"Rosana","https://upload.wikimedia.org/wikipedia/en/2/2c/Shops_on_Lower_Plenty_Road%2C_Rosanna%2C_Victoria%2C_Australia.jpg",
"Viewbank","https://upload.wikimedia.org/wikipedia/en/c/c3/Viewbank_College_Logo.png",
"Heidelberg Heights","https://upload.wikimedia.org/wikipedia/commons/2/2c/Victoria_locator-MJC.png",
"Yallambie","https://upload.wikimedia.org/wikipedia/commons/2/2c/Victoria_locator-MJC.png",
"Benalla","https://upload.wikimedia.org/wikipedia/commons/f/ff/VIC_in_Australia_map.png",
"Tamnick","null",
"Devenish","https://upload.wikimedia.org/wikipedia/commons/2/2b/Devenish_Main_Street_002.JPG",
"Goorambat","https://upload.wikimedia.org/wikipedia/commons/9/90/GoorambatRailwayHotel.JPG",
"Aberfeldy","https://upload.wikimedia.org/wikipedia/commons/6/60/BigBellHotel2009.jpg",
"Athlone","https://upload.wikimedia.org/wikipedia/commons/f/ff/VIC_in_Australia_map.png",
"Buln Buln","https://upload.wikimedia.org/wikipedia/commons/f/ff/VIC_in_Australia_map.png",
"Darnum","https://upload.wikimedia.org/wikipedia/commons/f/ff/VIC_in_Australia_map.png",
"Brighton","https://upload.wikimedia.org/wikipedia/commons/2/2c/Victoria_locator-MJC.png",
"Sandringham","https://upload.wikimedia.org/wikipedia/commons/8/87/Sandringham.jpg",
"Moorabbin","https://upload.wikimedia.org/wikipedia/commons/4/45/Moorabbin.JPG",
"Mordialloc","https://upload.wikimedia.org/wikipedia/en/0/0e/Mordialloc_Creek2.jpg",
"Baddaginnie","https://upload.wikimedia.org/wikipedia/commons/f/fe/BadaginnieShop.JPG",
"Benalla","https://upload.wikimedia.org/wikipedia/commons/f/ff/VIC_in_Australia_map.png",
"Devenish","https://upload.wikimedia.org/wikipedia/commons/2/2b/Devenish_Main_Street_002.JPG",
"Goorambat","https://upload.wikimedia.org/wikipedia/commons/9/90/GoorambatRailwayHotel.JPG",
"Balwyn North","https://upload.wikimedia.org/wikipedia/commons/1/1a/Australia_Victoria_metropolitan_Melbourne_location_map.svg",
"Glen Iris","https://upload.wikimedia.org/wikipedia/commons/1/18/Glen_Iris.jpg",
"Hawthorn","https://upload.wikimedia.org/wikipedia/commons/1/1a/Australia_Victoria_metropolitan_Melbourne_location_map.svg",
"Kew","https://upload.wikimedia.org/wikipedia/commons/e/e6/Eastern_Freeway_Belford_St.jpg",
"Albion","https://upload.wikimedia.org/wikipedia/commons/4/48/Darter_on_Kororoit_Creek%2C_Albion.jpg",
"Sunshine","https://upload.wikimedia.org/wikipedia/commons/9/9c/Maribyrnong_River_Trail.jpg",
"Kealba","https://upload.wikimedia.org/wikipedia/commons/1/1a/Australia_Victoria_metropolitan_Melbourne_location_map.svg",
"Delahey","https://upload.wikimedia.org/wikipedia/commons/2/2c/Victoria_locator-MJC.png",
"Ballapur","https://upload.wikimedia.org/wikipedia/commons/2/20/Australia_Victoria_Buloke_Shire_location_map.svg",
"Banyan","https://upload.wikimedia.org/wikipedia/commons/2/20/Australia_Victoria_Buloke_Shire_location_map.svg",
"Berriwillock","https://upload.wikimedia.org/wikipedia/commons/f/ff/VIC_in_Australia_map.png",
"Bimbourie","https://upload.wikimedia.org/wikipedia/commons/f/ff/VIC_in_Australia_map.png",
"Bamawm","https://upload.wikimedia.org/wikipedia/commons/2/21/Lockington_Hotel.JPG",
"Colbinabbin","https://upload.wikimedia.org/wikipedia/commons/8/8e/Rodney_Victoria.png",
"Corop","https://upload.wikimedia.org/wikipedia/commons/f/f0/CoropGeneralStore.JPG",
"Echuca","https://upload.wikimedia.org/wikipedia/commons/1/19/EchucaCampaspeShireOffice.JPG",
"Cockatoo","https://upload.wikimedia.org/wikipedia/en/d/d0/Bus_stop_on_Bailey_Road%2C_Cockatoo%2C_Victoria%2C_Australia_%282006%29.jpg",
"Gembrook","https://upload.wikimedia.org/wikipedia/commons/2/21/6AatLakeside.jpg",
"Bunyip","https://upload.wikimedia.org/wikipedia/commons/2/2c/Victoria_locator-MJC.png",
"Garfield","https://upload.wikimedia.org/wikipedia/commons/2/2c/Victoria_locator-MJC.png",
"Clyde","https://upload.wikimedia.org/wikipedia/commons/2/2c/Victoria_locator-MJC.png",
"Hallam","https://upload.wikimedia.org/wikipedia/commons/1/1a/Australia_Victoria_metropolitan_Melbourne_location_map.svg",
"Warneet","https://upload.wikimedia.org/wikipedia/commons/2/20/Warneet_Jetty.jpg",
"Harkaway","https://upload.wikimedia.org/wikipedia/commons/4/4f/Harkaway-aerial.jpg",
"Adelaide Lead","https://upload.wikimedia.org/wikipedia/commons/5/57/Ad.Lead_Railway_Station.jpg",
"Alma","https://upload.wikimedia.org/wikipedia/commons/f/ff/VIC_in_Australia_map.png",
"Amherst","https://upload.wikimedia.org/wikipedia/commons/0/05/AmherstCemetery.JPG",
"Bung Bong","https://upload.wikimedia.org/wikipedia/commons/f/ff/VIC_in_Australia_map.png",
"Alvie","https://upload.wikimedia.org/wikipedia/commons/f/ff/VIC_in_Australia_map.png",
"Apollo Bay","https://upload.wikimedia.org/wikipedia/commons/5/5a/Apollo_Bay_from_Mariners_Lookout.jpg",
"Beeac","https://upload.wikimedia.org/wikipedia/commons/1/17/BeeacMainStreet.JPG",
"Beech Forest","https://upload.wikimedia.org/wikipedia/commons/b/ba/Beech_Forest_Main_Street_001.JPG",
"Camperdown","https://upload.wikimedia.org/wikipedia/commons/6/67/Lake_Bullen_Merri_at_Sunset.jpg",
"Cobden","https://upload.wikimedia.org/wikipedia/commons/3/3b/CobdenFonterraPlant.JPG",
"Derrinallum","https://upload.wikimedia.org/wikipedia/commons/a/a8/LismoreHotel2010.JPG",
"Foxhow","https://upload.wikimedia.org/wikipedia/commons/f/ff/VIC_in_Australia_map.png",
"Reservoir","null",
"Preston","https://upload.wikimedia.org/wikipedia/commons/9/97/Old_lga_Preston.png",
"Kingsbury","https://upload.wikimedia.org/wikipedia/commons/1/1a/Australia_Victoria_metropolitan_Melbourne_location_map.svg",
"Thornbury","https://upload.wikimedia.org/wikipedia/commons/e/e9/Thornbury%2C_Victoria_pronunciation.ogg",
"Anglers Rest","https://upload.wikimedia.org/wikipedia/commons/5/52/Omeo_Hwy_crossing_the_Cobungra_River_at_Anglers_Rest%2C_Vic%2C_jjron%2C_6.06.2009.jpg",
"Bairnsdale","https://upload.wikimedia.org/wikipedia/commons/6/68/Aviacionavion.png",
"Bemm River","https://upload.wikimedia.org/wikipedia/commons/e/e7/DarkSunset2.jpg",
"Benambra","https://upload.wikimedia.org/wikipedia/commons/d/db/Boating-on-Lake-Omeo%2C-Benambra-1892.jpg",
"Langwarrin","https://upload.wikimedia.org/wikipedia/commons/5/5d/Inge-King-Jabaroo-1984-85-photo-2009-05-b.jpg",
"Frankston","https://upload.wikimedia.org/wikipedia/en/6/64/Frankstonsouthrooftops01.jpg",
"Karingal","https://upload.wikimedia.org/wikipedia/commons/4/4f/Frankston_railway_station_entrance.jpg",
"Carrum Downs","https://upload.wikimedia.org/wikipedia/en/5/50/Carrum-downs-tennis-club.jpg",
"Cohuna","https://upload.wikimedia.org/wikipedia/commons/4/48/CohunaWaterTower.JPG",
"Kerang","https://upload.wikimedia.org/wikipedia/commons/2/2a/KerangMainStreet.JPG",
"Koondrook","https://upload.wikimedia.org/wikipedia/commons/3/33/KoondrookMainStreet.JPG",
"Leitchville","https://upload.wikimedia.org/wikipedia/commons/a/a6/LeitchvilleMurrayGoulburnPlant.JPG",
"Bentleigh","https://upload.wikimedia.org/wikipedia/commons/1/1a/Australia_Victoria_metropolitan_Melbourne_location_map.svg",
"Caulfield","https://upload.wikimedia.org/wikipedia/commons/1/1a/Australia_Victoria_metropolitan_Melbourne_location_map.svg",
"Carnegie","https://upload.wikimedia.org/wikipedia/en/4/4a/Rosstown_sugarworks_-_Melbourne.jpg",
"Brighton East","https://upload.wikimedia.org/wikipedia/commons/2/2c/Victoria_locator-MJC.png",
"Allestree","https://upload.wikimedia.org/wikipedia/commons/0/0e/En-allestree.ogg",
"Cape Bridgewater","https://upload.wikimedia.org/wikipedia/commons/f/fa/Bridgewater_on_Loddon_Loddon_Bridge_Hotel_004.JPG",
"Casterton","https://upload.wikimedia.org/wikipedia/commons/d/dc/Casterton_Henty_Street_003.JPG",
"Condah","https://upload.wikimedia.org/wikipedia/commons/1/12/Australia_Victoria_Moyne_Shire_location_map.svg",
"Bannockburn","https://upload.wikimedia.org/wikipedia/commons/2/28/Bannockburn_former_railway_station.jpg",
"Berringa","https://upload.wikimedia.org/wikipedia/commons/9/99/Berringa_Birthday_Mine.jpg",
"Cape Clear","https://upload.wikimedia.org/wikipedia/commons/b/be/Cape_Clear_Victoria_model_lighthouse.jpg",
"Corindhap","https://upload.wikimedia.org/wikipedia/commons/f/ff/VIC_in_Australia_map.png",
"Eaglehawk","https://upload.wikimedia.org/wikipedia/commons/0/07/EaglehawkHighStreet2010.JPG",
"California Gully","https://upload.wikimedia.org/wikipedia/commons/1/1e/CaliforniaGullyUnitingChurch1.JPG",
"Epsom","https://upload.wikimedia.org/wikipedia/commons/8/8c/EpsomTurfClubHotel.JPG",
"Axedale","https://upload.wikimedia.org/wikipedia/commons/8/83/QuarryHillQueensArmsHotel.JPG",
"Keysborough","https://upload.wikimedia.org/wikipedia/en/d/d1/Parkmore_SC-_Route_10.JPG",
"Springvale","https://upload.wikimedia.org/wikipedia/commons/1/1a/Australia_Victoria_metropolitan_Melbourne_location_map.svg",
"Bangholme","https://upload.wikimedia.org/wikipedia/en/f/fa/Dandenong_Creek_bike_trail%2C_bridge_across_Eumemmerring_Creek.jpg",
"Noble Park","https://upload.wikimedia.org/wikipedia/commons/7/76/Springvalestationsiemens.jpg",
"Anakie","https://upload.wikimedia.org/wikipedia/commons/2/2c/AnakieFairyPark.JPG",
"Corio","https://upload.wikimedia.org/wikipedia/commons/a/a6/CSIRO_ScienceImage_2719_Petroleum_Refinery.jpg",
"Belmont","https://upload.wikimedia.org/wikipedia/commons/f/f7/BelmontCommonFlood1.jpg",
"Bellarine","https://upload.wikimedia.org/wikipedia/commons/e/e8/Australia_Victoria_Greater_Geelong_City_location_map.svg",
"Arcadia","https://upload.wikimedia.org/wikipedia/commons/f/ff/VIC_in_Australia_map.png",
"Congupna","https://upload.wikimedia.org/wikipedia/commons/0/01/CongupnaGeneralStore.JPG",
"Dookie","https://upload.wikimedia.org/wikipedia/commons/a/a3/DookieMaryStreet.JPG",
"Grahamvale","https://upload.wikimedia.org/wikipedia/commons/f/ff/VIC_in_Australia_map.png",
"Allendale","https://upload.wikimedia.org/wikipedia/commons/b/bd/AllendaleSchool.JPG",
"Blampied","https://upload.wikimedia.org/wikipedia/commons/0/03/BlampiedSwissMountainHotel.JPG",
"Bullarto","https://upload.wikimedia.org/wikipedia/commons/f/ff/VIC_in_Australia_map.png",
"Clunes","https://upload.wikimedia.org/wikipedia/commons/0/03/ClunesStreetscape.JPG",
"Antwerp","https://upload.wikimedia.org/wikipedia/commons/4/47/Antwerp_Methodist_Church.JPG",
"Dimboola","https://upload.wikimedia.org/wikipedia/commons/9/9b/Dimboola_Jellex_Advertisement.JPG",
"Jeparit","https://c2.staticflickr.com/2/1458/24124450169_e69b8ef580_b.jpg",
"Netherby","https://upload.wikimedia.org/wikipedia/commons/e/ef/NetherbyMainStreet.JPG",
"Altona","https://upload.wikimedia.org/wikipedia/commons/1/1a/Australia_Victoria_metropolitan_Melbourne_location_map.svg",
"Newport","https://upload.wikimedia.org/wikipedia/commons/2/21/The_Newport_Substation.jpg",
"Seabrook","https://upload.wikimedia.org/wikipedia/commons/0/0e/Seabrook-homesteadrun.jpg",
"Spotswood","https://upload.wikimedia.org/wikipedia/commons/b/bd/Spotswood2.jpg",
"Brimpaen","https://upload.wikimedia.org/wikipedia/commons/7/7b/Victoria_Local_Government_Areas.svg",
"Dadswells Bridge","https://upload.wikimedia.org/wikipedia/commons/7/7d/Giant_Koala.jpg",
"Dooen","https://upload.wikimedia.org/wikipedia/commons/f/ff/VIC_in_Australia_map.png",
"Haven","https://upload.wikimedia.org/wikipedia/commons/f/ff/VIC_in_Australia_map.png",
"Bulla","https://upload.wikimedia.org/wikipedia/commons/2/20/View_of_Bulla%2C_Victoria.JPG",
"Campbellfield","https://upload.wikimedia.org/wikipedia/commons/1/1a/Australia_Victoria_metropolitan_Melbourne_location_map.svg",
"Somerton","https://upload.wikimedia.org/wikipedia/commons/2/21/Somerton_1_aerial.jpg",
"Coolaroo","https://upload.wikimedia.org/wikipedia/commons/2/2c/Victoria_locator-MJC.png",
"Allans Flat","https://upload.wikimedia.org/wikipedia/commons/f/ff/VIC_in_Australia_map.png",
"Barnawartha","https://upload.wikimedia.org/wikipedia/commons/3/34/BarnawarthaPostOffice.JPG",
"Beechworth","https://upload.wikimedia.org/wikipedia/commons/0/08/Woolshed_Creek.JPG",
"Chiltern","https://upload.wikimedia.org/wikipedia/commons/f/f7/ChilternLakeViewHouseHomeHenryHandelRichardson_004.jpg",
"Chelsea","https://upload.wikimedia.org/wikipedia/commons/1/1a/Australia_Victoria_metropolitan_Melbourne_location_map.svg",
"Highett","https://upload.wikimedia.org/wikipedia/commons/1/1a/Australia_Victoria_metropolitan_Melbourne_location_map.svg",
"Edithvale","https://upload.wikimedia.org/wikipedia/commons/0/0c/20060304_Edithvale_Boatsheds.jpg",
"Mentone","https://upload.wikimedia.org/wikipedia/commons/a/ae/Mentone_Beach_1%2C_Mentone%2C_Vic%2C_jjron%2C_08.01.2014.jpg",
"Rowville","https://upload.wikimedia.org/wikipedia/commons/e/e4/Tirhatuan_Wetlands.PNG",
"Scoresby","https://upload.wikimedia.org/wikipedia/commons/1/1a/Australia_Victoria_metropolitan_Melbourne_location_map.svg",
"Bayswater","https://upload.wikimedia.org/wikipedia/commons/5/5c/Bayswater%2C_Vic%2C_east_to_Mt_Dandenong.jpg",
"Ferntree Gully","https://upload.wikimedia.org/wikipedia/commons/1/1a/Australia_Victoria_metropolitan_Melbourne_location_map.svg",
"Boolarra","https://upload.wikimedia.org/wikipedia/commons/a/a3/BoolaraBridge.jpg",
"Callignee","https://upload.wikimedia.org/wikipedia/commons/f/ff/VIC_in_Australia_map.png",
"Churchill","https://upload.wikimedia.org/wikipedia/commons/4/44/Cigar.jpg",
"Glengarry","https://upload.wikimedia.org/wikipedia/commons/f/ff/VIC_in_Australia_map.png",
"Arnold","https://upload.wikimedia.org/wikipedia/commons/f/ff/VIC_in_Australia_map.png",
"Bealiba","https://upload.wikimedia.org/wikipedia/commons/9/95/Bealiba_Main_Street.JPG",
"Boort","https://upload.wikimedia.org/wikipedia/commons/0/0c/Boort_Godfrey_Street_002.JPG",
"Bridgewater on Loddon","https://upload.wikimedia.org/wikipedia/commons/f/fa/Bridgewater_on_Loddon_Loddon_Bridge_Hotel_004.JPG",
"Ashbourne","https://upload.wikimedia.org/wikipedia/commons/d/d8/AshbourneRoad.JPG",
"Baynton","https://upload.wikimedia.org/wikipedia/commons/7/79/Baynton_Hall.jpg",
"Bolinda","https://upload.wikimedia.org/wikipedia/commons/f/fc/Bolinda_bridge%2C_west_elevation.JPG",
"Bullengarook","https://upload.wikimedia.org/wikipedia/commons/e/e6/BullengarookSchool.JPG",
"Ringwood North","https://upload.wikimedia.org/wikipedia/commons/1/1a/Australia_Victoria_metropolitan_Melbourne_location_map.svg",
"Warrandyte","https://upload.wikimedia.org/wikipedia/commons/2/2c/Victoria_locator-MJC.png",
"Nunawading","https://upload.wikimedia.org/wikipedia/commons/1/1a/Australia_Victoria_metropolitan_Melbourne_location_map.svg",
"Doncaster","https://upload.wikimedia.org/wikipedia/commons/4/4e/Doncaster-front.jpg",
"Ancona","https://upload.wikimedia.org/wikipedia/commons/f/ff/VIC_in_Australia_map.png",
"Bonnie Doon","https://upload.wikimedia.org/wikipedia/commons/d/d6/Bonnie_Doon_and_Lake_Eildon.jpg",
"Gaffneys Creek","https://upload.wikimedia.org/wikipedia/commons/4/4c/Gaffneys_Creek_Phone_Booth.JPG",
"Jamieson","https://upload.wikimedia.org/wikipedia/commons/e/e6/Jamieson_Victoria_aerial.jpg",
"Maidstone","https://upload.wikimedia.org/wikipedia/commons/9/9c/Maribyrnong_River_Trail.jpg",
"Footscray","https://upload.wikimedia.org/wikipedia/commons/1/1a/Australia_Victoria_metropolitan_Melbourne_location_map.svg",
"Seddon","https://upload.wikimedia.org/wikipedia/commons/9/9a/Seddon_railway_station%2C_Melbourne.jpg",
"Braybrook","https://upload.wikimedia.org/wikipedia/en/5/59/Hughes_Street.jpg",
"Croydon","null",
"Heathmont","https://upload.wikimedia.org/wikipedia/commons/1/1a/Australia_Victoria_metropolitan_Melbourne_location_map.svg",
"Warranwood","https://upload.wikimedia.org/wikipedia/commons/2/2c/Victoria_locator-MJC.png",
"Kilsyth South","https://upload.wikimedia.org/wikipedia/commons/2/2c/Victoria_locator-MJC.png",
"Carlton","https://upload.wikimedia.org/wikipedia/commons/e/e7/Christian_chapel_carlton_1865.jpg",
"Docklands","https://upload.wikimedia.org/wikipedia/commons/f/f7/Melbourne_Docklands_-_Yarras_Edge_-_marina_panorama.jpg",
"Kensington","https://upload.wikimedia.org/wikipedia/commons/1/18/Kensington_town_hall.jpg",
"Flemington","https://upload.wikimedia.org/wikipedia/commons/f/fe/Newmarket-Station-Melbourne.jpg",
"Rockbank","https://upload.wikimedia.org/wikipedia/commons/d/d4/RockbankCommunityHall.JPG",
"Exford","https://upload.wikimedia.org/wikipedia/commons/d/d3/ExfordPrimarySchool.JPG",
"Brookfield","https://upload.wikimedia.org/wikipedia/commons/d/d7/Brookfield_Clarkes_Road_005.JPG",
"Melton","https://upload.wikimedia.org/wikipedia/commons/4/45/MeltonDjerriwarrhFestival.jpg",
"Big Desert Wilderness Park","http://www.murrayville.com.au/media/Thompsons%20Peak.jpg",
"Birdwoodton","https://upload.wikimedia.org/wikipedia/commons/a/ab/Church_birdwoodton.jpg",
"Boinka","https://upload.wikimedia.org/wikipedia/commons/3/3d/1940BoinkaStreetscape.jpg",
"Cabarita","https://upload.wikimedia.org/wikipedia/commons/f/ff/VIC_in_Australia_map.png",
"Beveridge","https://upload.wikimedia.org/wikipedia/commons/f/f9/Beveridge_Kelly1_imp.jpg",
"Broadford","https://upload.wikimedia.org/wikipedia/commons/6/69/StreetscapeBroadford.JPG",
"Clonbinane","https://upload.wikimedia.org/wikipedia/commons/e/e2/Australia_Victoria_Mitchell_Shire_location_map.svg",
"Kilmore","https://upload.wikimedia.org/wikipedia/commons/c/c0/PostOfficeKilmore.JPG",
"Almonds","https://upload.wikimedia.org/wikipedia/commons/9/9f/Australia_Victoria_Moira_Shire_location_map.svg",
"Barmah","https://upload.wikimedia.org/wikipedia/commons/5/59/Nathalia_Murray_Valley_Highway_Park.JPG",
"Bathumi","https://upload.wikimedia.org/wikipedia/commons/2/2b/HousesBundalong.JPG",
"Bearii","https://upload.wikimedia.org/wikipedia/commons/0/0a/BeariiShop.JPG",
"Clayton","https://upload.wikimedia.org/wikipedia/commons/1/1a/Australia_Victoria_metropolitan_Melbourne_location_map.svg",
"Mulgrave","https://upload.wikimedia.org/wikipedia/commons/1/1b/Waverley_Park.jpg",
"Oakleigh","https://upload.wikimedia.org/wikipedia/commons/2/2c/Victoria_locator-MJC.png",
"Huntingdale","https://upload.wikimedia.org/wikipedia/commons/2/2c/Victoria_locator-MJC.png",
"Aberfeldie","https://upload.wikimedia.org/wikipedia/commons/1/1a/Australia_Victoria_metropolitan_Melbourne_location_map.svg",
"Essendon","https://upload.wikimedia.org/wikipedia/commons/5/5e/Maribyrnong_river_at_West_Essendon.jpg",
"Niddrie","https://upload.wikimedia.org/wikipedia/commons/1/1a/Australia_Victoria_metropolitan_Melbourne_location_map.svg",
"Travancore","https://upload.wikimedia.org/wikipedia/commons/2/2c/Victoria_locator-MJC.png",
"Ballan","https://upload.wikimedia.org/wikipedia/commons/7/71/Light_Horse%2C_Ballan.jpg",
"Buninyong","https://upload.wikimedia.org/wikipedia/commons/f/ff/VIC_in_Australia_map.png",
"Parwan","https://upload.wikimedia.org/wikipedia/commons/f/ff/VIC_in_Australia_map.png",
"Myrniong","https://upload.wikimedia.org/wikipedia/commons/b/b2/Myrniong.JPG",
"Coburg","https://upload.wikimedia.org/wikipedia/commons/8/8b/Sydney_Rd_Coburg.jpg",
"Hadfield","https://upload.wikimedia.org/wikipedia/commons/2/2c/Victoria_locator-MJC.png",
"Fawkner","https://upload.wikimedia.org/wikipedia/commons/5/59/Fawkner-Melbourne-aerial.jpg",
"Brunswick","https://upload.wikimedia.org/wikipedia/commons/1/1a/Australia_Victoria_metropolitan_Melbourne_location_map.svg",
"Merricks","https://upload.wikimedia.org/wikipedia/commons/2/2c/Victoria_locator-MJC.png",
"Flinders","https://upload.wikimedia.org/wikipedia/en/0/03/Flinders_Council_1994.jpg",
"Baxter","https://upload.wikimedia.org/wikipedia/commons/3/34/Baxter%2C_Victoria_panorama.jpg",
"Rosebud","https://upload.wikimedia.org/wikipedia/commons/2/2c/Victoria_locator-MJC.png",
"Barfold","https://upload.wikimedia.org/wikipedia/commons/0/00/Barfold_Hall.jpg",
"Campbells Creek","https://upload.wikimedia.org/wikipedia/commons/0/0a/Campbells_Creek_Victoria_Five_Flags.jpg",
"Castlemaine","https://upload.wikimedia.org/wikipedia/commons/4/40/CastlemaineStation.JPG",
"Chewton","https://upload.wikimedia.org/wikipedia/commons/3/3b/Chewton_Victoria.jpg",
"Caramut","https://upload.wikimedia.org/wikipedia/commons/f/ff/VIC_in_Australia_map.png",
"Framlingham","https://upload.wikimedia.org/wikipedia/commons/1/12/Australia_Victoria_Moyne_Shire_location_map.svg",
"Garvoc","https://upload.wikimedia.org/wikipedia/commons/7/7e/Hampden.PNG",
"Hawkesdale","https://upload.wikimedia.org/wikipedia/commons/0/05/Hawksedale_Pub_Stevage.jpg",
"Acheron","https://upload.wikimedia.org/wikipedia/commons/f/ff/VIC_in_Australia_map.png",
"Alexandra","https://upload.wikimedia.org/wikipedia/commons/e/e4/Alexandra_Victoria_Grant_Street.jpg",
"Buxton","https://upload.wikimedia.org/wikipedia/commons/8/89/Buxton_Hotel.JPG",
"Cathkin","https://upload.wikimedia.org/wikipedia/commons/f/ff/VIC_in_Australia_map.png",
"Wattle Glen","https://upload.wikimedia.org/wikipedia/commons/2/27/Wattle_Glen_station.jpg",
"Diamond Creek","https://upload.wikimedia.org/wikipedia/commons/1/1a/Australia_Victoria_metropolitan_Melbourne_location_map.svg",
"Kangaroo Ground","https://upload.wikimedia.org/wikipedia/commons/b/b2/KangarooGroundGeneralStore.JPG",
"Nutfield","https://upload.wikimedia.org/wikipedia/commons/2/2c/Victoria_locator-MJC.png",
"Glenorchy","https://upload.wikimedia.org/wikipedia/commons/7/7f/Glenorchy_Bakery.JPG",
"Great Western","https://upload.wikimedia.org/wikipedia/commons/e/e4/Great_Western_War_Memorial.JPG",
"Halls Gap","https://upload.wikimedia.org/wikipedia/commons/2/22/Ribbon_-_Medalje_vir_Troue_Diens.gif",
"Joel Joel","https://upload.wikimedia.org/wikipedia/commons/f/ff/VIC_in_Australia_map.png",
"St Kilda","https://upload.wikimedia.org/wikipedia/en/8/87/St_James_the_Great_St_Kilda_East_Street_Frontage.jpg",
"Elwood","https://upload.wikimedia.org/wikipedia/en/a/a3/Glenhuntly_road_elwood_in_1938.jpg",
"Southbank","https://upload.wikimedia.org/wikipedia/commons/f/f4/Victoria_Barracks%2C_Melbourne.jpg",
"St Kilda West","https://upload.wikimedia.org/wikipedia/commons/0/02/Melbourne_tram_route_96.jpg",
"Amphitheatre","https://upload.wikimedia.org/wikipedia/commons/7/77/Amphitheatre_Hotel.JPG",
"Avoca","https://upload.wikimedia.org/wikipedia/commons/1/16/AvocaSoldiersMemorial.JPG",
"Barkly","https://upload.wikimedia.org/wikipedia/commons/f/ff/VIC_in_Australia_map.png",
"Beaufort","https://upload.wikimedia.org/wikipedia/commons/1/13/BeaufortTrainStation.JPG",
"Point Lonsdale","https://upload.wikimedia.org/wikipedia/commons/e/ea/Pont_Lonsdale_01.jpg",
"Swan Island","https://upload.wikimedia.org/wikipedia/commons/b/b9/Sand_Island%2C_Queenscliff.jpg",
"Queenscliff","https://upload.wikimedia.org/wikipedia/commons/4/4b/Queenscliff_Hesse_Street.JPG",
"Agnes","https://upload.wikimedia.org/wikipedia/commons/f/ff/VIC_in_Australia_map.png",
"Darby River","https://upload.wikimedia.org/wikipedia/commons/9/9b/Darby_River%2C_Wilson%27s_Promontory.jpg",
"Fish Creek","https://upload.wikimedia.org/wikipedia/commons/9/96/Fish_Creek_service_station_Stevage.jpg",
"Foster","https://upload.wikimedia.org/wikipedia/commons/f/ff/VIC_in_Australia_map.png",
"Balmoral","https://upload.wikimedia.org/wikipedia/commons/0/0c/Balmoral_Post_Office.JPG",
"Branxholme","https://upload.wikimedia.org/wikipedia/commons/3/32/Branxholme_Community_Hall_002.JPG",
"Byaduk","https://upload.wikimedia.org/wikipedia/commons/c/c3/20090926_Volcanic_Blister_%28Tumulus%29_-_Byaduk_-_Victoria_-_Australia.JPG",
"Cavendish","https://upload.wikimedia.org/wikipedia/commons/6/61/Cavendish_Sign_%26_Garden.JPG",
"Toorak","https://upload.wikimedia.org/wikipedia/commons/5/50/Suburban_Toorak.JPG",
"Malvern","https://upload.wikimedia.org/wikipedia/commons/4/43/St_josephs_malvern.jpg",
"Kooyong","https://upload.wikimedia.org/wikipedia/commons/2/2c/Victoria_locator-MJC.png",
"Prahran","https://upload.wikimedia.org/wikipedia/en/c/c3/Chapel_street_prahran_in_1889.jpg",
"Avenel","https://upload.wikimedia.org/wikipedia/commons/a/a0/Avenel_Royal_Mail_Hotel.JPG",
"Euroa","https://upload.wikimedia.org/wikipedia/commons/4/47/VC_Memorial_Park_Euroa_-_Statues_-_Anzac_Memorial_%28Maygar%2C_Tubb%2C_Burton%29.jpg",
"Longwood","https://upload.wikimedia.org/wikipedia/commons/5/57/LongwoodWhiteHartHotel.JPG",
"Mangalore","https://upload.wikimedia.org/wikipedia/commons/c/c4/MangaloreHotel.JPG",
"Aireys Inlet","https://upload.wikimedia.org/wikipedia/commons/b/b2/Great_ocean_road.jpg",
"Anglesea","https://upload.wikimedia.org/wikipedia/commons/d/d2/AngleseaVictoria.jpg",
"Bellbrae","https://upload.wikimedia.org/wikipedia/commons/b/bb/Australia_Victoria_Surf_Coast_Shire_location_map.svg",
"Deans Marsh","https://upload.wikimedia.org/wikipedia/commons/1/16/DeansMarshFormerChurch.JPG",
"Annuello","https://upload.wikimedia.org/wikipedia/commons/f/ff/VIC_in_Australia_map.png",
"Bannerton","https://upload.wikimedia.org/wikipedia/commons/f/ff/VIC_in_Australia_map.png",
"Beverford","https://upload.wikimedia.org/wikipedia/commons/f/ff/VIC_in_Australia_map.png",
"Bolton","https://upload.wikimedia.org/wikipedia/commons/f/ff/VIC_in_Australia_map.png",
"Bellbridge","https://upload.wikimedia.org/wikipedia/commons/8/8b/Bellbridge_2011.jpg",
"Bethanga","https://upload.wikimedia.org/wikipedia/commons/d/d4/BethangaGeneralStore.JPG",
"Corryong","https://upload.wikimedia.org/wikipedia/commons/a/a8/Jack_Riley_grave_Man_From_Snowy_River.JPG",
"Cudgewa","https://upload.wikimedia.org/wikipedia/commons/a/aa/CudgewaMainStreet.JPG",
"Cheshunt","https://upload.wikimedia.org/wikipedia/commons/f/ff/VIC_in_Australia_map.png",
"Eldorado","https://upload.wikimedia.org/wikipedia/commons/5/59/Eldorado_Victoria_aerial.jpg",
"Everton","https://upload.wikimedia.org/wikipedia/commons/d/db/EvertonHotel.JPG",
"Glenrowan","https://upload.wikimedia.org/wikipedia/commons/1/1e/Glenrowan.JPG",
"Allansford","https://upload.wikimedia.org/wikipedia/commons/9/9e/AllansfordJunctionHotel.JPG",
"Bushfield","https://upload.wikimedia.org/wikipedia/commons/6/60/Bushfield_War_Memorial.JPG",
"Dennington","https://upload.wikimedia.org/wikipedia/commons/d/d1/DenningtonFonterraPlant.JPG",
"Warrnambool","https://upload.wikimedia.org/wikipedia/commons/6/60/Bushfield_War_Memorial.JPG",
"Alberton","https://upload.wikimedia.org/wikipedia/commons/5/5b/Australia_Victoria_Wellington_Shire_location_map.svg",
"Alberton West","https://upload.wikimedia.org/wikipedia/commons/f/ff/VIC_in_Australia_map.png",
"Boisdale","https://upload.wikimedia.org/wikipedia/commons/f/ff/VIC_in_Australia_map.png",
"Briagolong","https://upload.wikimedia.org/wikipedia/commons/f/ff/VIC_in_Australia_map.png",
"Apsley","https://upload.wikimedia.org/wikipedia/commons/f/ff/VIC_in_Australia_map.png",
"Edenhope","https://upload.wikimedia.org/wikipedia/commons/f/ff/VIC_in_Australia_map.png",
"Goroke","https://upload.wikimedia.org/wikipedia/commons/d/dc/Goroke_Town_hall.jpg",
"Gymbowen","https://upload.wikimedia.org/wikipedia/commons/7/77/Gymbowen_General_Store.JPG",
"Mitcham","https://upload.wikimedia.org/wikipedia/commons/a/ab/Ringwood_Mulu,_Mulum_Creek1.JPG",
"Blackburn","https://upload.wikimedia.org/wikipedia/en/7/72/BlackburnLakeVicAU.JPG",
"Box Hill","https://upload.wikimedia.org/wikipedia/commons/1/18/Box_Hill_White_Horse.jpg",
"Vermont South","https://upload.wikimedia.org/wikipedia/commons/3/34/Neighbours_Pinoak_Court.jpg",
"Bundoora","https://upload.wikimedia.org/wikipedia/commons/a/a3/Health_Sciences_Building_and_Charles_La_Trobe_Statue_at_La_Trobe_University.jpg",
"Lalor","https://upload.wikimedia.org/wikipedia/commons/b/b6/Lalor.shops.viewed.from.mann%27s.road.crossing.jpg",
"Epping","https://upload.wikimedia.org/wikipedia/commons/3/33/The_Northern_Hospital_Epping.jpg",
"Mernda","https://upload.wikimedia.org/wikipedia/commons/9/94/Mernda_Villages_Community_Centre.jpg",
"Bandiana","https://upload.wikimedia.org/wikipedia/commons/f/ff/VIC_in_Australia_map.png",
"Bonegilla","https://upload.wikimedia.org/wikipedia/commons/d/dd/Bonegilla_camp_1954.jpg",
"Wodonga","https://upload.wikimedia.org/wikipedia/commons/a/ab/WodongaCouncilOffices.JPG",
"Gateway Island","http://www.parklands-alburywodonga.org.au/explore-your-parks/images/gateway-island.jpg",
"Laverton","https://upload.wikimedia.org/wikipedia/en/e/ee/Laverton_main_street.jpg",
"Tarneit","https://upload.wikimedia.org/wikipedia/commons/e/e7/Tarneit_pronunciation.ogg",
"Werribee","https://upload.wikimedia.org/wikipedia/commons/a/a3/Werribee-South-Beach-01.JPG",
"Williams Landing","https://upload.wikimedia.org/wikipedia/en/0/03/Waterway_View_WW.JPG",
"Abbotsford","https://upload.wikimedia.org/wikipedia/commons/d/d4/Carols_at_the_Abbostford_Convent_2009.JPG",
"Cremorne","https://upload.wikimedia.org/wikipedia/commons/8/84/Shops_on_church_street_richmond.jpg",
"Fitzroy","https://upload.wikimedia.org/wikipedia/en/4/43/Fitzroy_victoria_aerial.jpg",
"Collingwood","https://upload.wikimedia.org/wikipedia/en/3/36/Smith_street_collingwood_in_1907.jpg",
"Coldstream","https://upload.wikimedia.org/wikipedia/commons/0/02/Coldstream_Corner.JPG",
"Cambarville","https://upload.wikimedia.org/wikipedia/commons/1/13/Cumberland_Junction_001.JPG",
"Emerald","https://upload.wikimedia.org/wikipedia/en/8/88/Lake_emerald.jpg",
"Belgrave","https://upload.wikimedia.org/wikipedia/commons/4/4d/Belgrave_South_aerial_1.jpg",
"Areegra","https://upload.wikimedia.org/wikipedia/commons/4/47/Brim_main_street.JPG",
"Beulah","https://upload.wikimedia.org/wikipedia/commons/3/3c/Beulah_1900.jpg",
"Brim","https://upload.wikimedia.org/wikipedia/commons/2/2a/MG_2268_Silo_art-crop-1920px.jpg","http://www.abc.net.au/news/2016-01-07/brim-grain-silos-guido-van-helten-art-wimmera-victoria/7072768"
"Hopetoun","https://upload.wikimedia.org/wikipedia/commons/e/e8/HopetounMemorialHall.JPG",
