Local government,Link1 Left,Link2 Up,Link3 right,Link4 Down
Alpine Shire Council,Wangaratta Rural City Council,Indigo Shire Council,Towong Shire Council,NULL
Ararat Rural City Council,Southern Grampians Shire Council,Northern Grampians Shire Council,Pyrenees Shire Council,NULL
Ballarat City Council,Pyrenees Shire Council,NULL,Moorabool Shire Council,Golden Plains Shire Council
Banyule City Council,Darebin City Council,NULL,Nillumbik Shire Council,Boroondara City Council
Bass Coast Shire Council,Mornington Peninsula Shire Council,Cardinia Shire Council,South Gippsland Shire Council,NULL
Baw Baw Shire Council,NULL,Cardinia Shire Council,NULL,Wellington Shire Council
Bayside City Council,NULL,Port Phillip City Council,Glen Eira City Council,NULL
Benalla Rural City Council,Strathbogie Shire Council,NULL,Wangaratta Rural City Council,Mansfield Shire Council
Boroondara City Council,Yarra City Council,Banyule City Council,Whitehorse City Council,Stonnington City Council
Brimbank City Council,Melton Shire Council,Hume City Council,NULL,Hobsons Bay City Council
Buloke Shire Council,Yarriambiack Shire Council,Swan Hill Rural City Council,Gannawarra Shire Council,Northern Grampians Shire Council
Campaspe Shire Council,NULL,NULL,Greater Shepparton City Council,Greater Bendigo City Council
Cardinia Shire Council,Casey City Council,Yarra Ranges Shire Council,Baw Baw Shire Council,Bass Coast Shire Council
Casey City Council,Frankston City Council,Knox City Council,Cardinia Shire Council,NULL
Central Goldfields Shire Council,Northern Grampians Shire Council,NULL,Mount Alexander Shire Council,Hepburn Shire Council
Colac Otway Shire Council,Corangamite Shire Council,Golden Plains Shire Council,Surf Coast Shire Council,NULL
Corangamite Shire Council,Moyne Shire Council,Pyrenees Shire Council,Colac Otway Shire Council,NULL
Darebin City Council,Moreland City Council,Whittlesea City Council,Banyule City Council,Yarra City Council
East Gippsland Shire Council,Wellington Shire Council,Towong Shire Council,NULL,NULL
Frankston City Council,NULL,Kingston City Council,Casey City Council,Mornington Peninsula Shire Council
Gannawarra Shire Council,Buloke Shire Council,NULL,NULL,Loddon Shire Council
Glen Eira City Council,Bayside City Council,Stonnington City Council,Monash City Council,Kingston City Council
Glenelg Shire Council,NULL,West Wimmera Shire Council,Moyne Shire Council,NULL
Golden Plains Shire Council,NULL,Ballarat City Council,NULL,Colac Otway Shire Council
Greater Bendigo City Council,Loddon Shire Council,Campaspe Shire Council,Strathbogie Shire Council,Mount Alexander Shire Council
Greater Dandenong City Council,Kingston City Council,Monash City Council,NULL,NULL
Greater Geelong City Council,Surf Coast Shire Council,Moorabool Shire Council,Queenscliffe Borough Council,NULL
Greater Shepparton City Council,Campaspe Shire Council,Moira Shire Council,NULL,Strathbogie Shire Council
Hepburn Shire Council,NULL,Central Goldfields Shire Council,Macedon Ranges Shire Council,Moorabool Shire Council
Hindmarsh Shire Council,NULL,NULL,Yarriambiack Shire Council,Horsham Rural City Council
Hobsons Bay City Council,Wyndham City Council,Brimbank City Council,NULL,NULL
Horsham Rural City Council,West Wimmera Shire Council,Hindmarsh Shire Council,Northern Grampians Shire Council,Southern Grampians Shire Council
Hume City Council,NULL,Macedon Ranges Shire Council,Whittlesea City Council,Brimbank City Council
Indigo Shire Council,NULL,NULL,Wodonga City Council,Alpine Shire Council
Kingston City Council,NULL,Glen Eira City Council,Greater Dandenong City Council,Frankston City Council
Knox City Council,Monash City Council,Maroondah City Council,NULL,Casey City Council
Latrobe City Council,NULL,NULL,Wellington Shire Council,NULL
Loddon Shire Council,NULL,Gannawarra Shire Council,Greater Bendigo City Council,NULL
Macedon Ranges Shire Council,Hepburn Shire Council,NULL,Mitchell Shire Council,Hume City Council
Manningham City Council,NULL,Nillumbik Shire Council,NULL,Whitehorse City Council
Mansfield Shire Council,Murrindindi Shire Council,Benalla Rural City Council,NULL,NULL
Maribyrnong City Council,NULL,Moonee Valley City Council,Melbourne City Council,NULL
Maroondah City Council,Whitehorse City Council,NULL,NULL,Knox City Council
Melbourne City Council,Maribyrnong City Council,Moreland City Council,Yarra City Council,Port Phillip City Council
Melton Shire Council,Moorabool Shire Council,NULL,Brimbank City Council,Wyndham City Council
Mildura Rural City Council,NULL,NULL,Swan Hill Rural City Council,West Wimmera Shire Council
Mitchell Shire Council,Macedon Ranges Shire Council,Murrindindi Shire Council,NULL,Whittlesea City Council
Moira Shire Council,NULL,NULL,NULL,Greater Shepparton City Council
Monash City Council,Glen Eira City Council,Whitehorse City Council,Knox City Council,Greater Dandenong City Council
Moonee Valley City Council,NULL,NULL,Moreland City Council,Maribyrnong City Council
Moorabool Shire Council,Ballarat City Council,Hepburn Shire Council,Melton Shire Council,Greater Geelong City Council
Moreland City Council,Moonee Valley City Council,NULL,Darebin City Council,Melbourne City Council
Mornington Peninsula Shire Council,Queenscliffe Borough Council,Frankston City Council,Bass Coast Shire Council,NULL
Mount Alexander Shire Council,Central Goldfields Shire Council,Greater Bendigo City Council,NULL,NULL
Moyne Shire Council,Glenelg Shire Council,NULL,Corangamite Shire Council,Warrnambool City Council
Murrindindi Shire Council,NULL,NULL,Mansfield Shire Council,Mitchell Shire Council
Nillumbik Shire Council,Banyule City Council,NULL,NULL,Manningham City Council
Northern Grampians Shire Council,Horsham Rural City Council,Buloke Shire Council,Central Goldfields Shire Council,Ararat Rural City Council
Port Phillip City Council,NULL,Melbourne City Council,NULL,Bayside City Council
Pyrenees Shire Council,Ararat Rural City Council,NULL,Ballarat City Council,Corangamite Shire Council
Queenscliffe Borough Council,Greater Geelong City Council,NULL,Mornington Peninsula Shire Council,NULL
South Gippsland Shire Council,Bass Coast Shire Council,NULL,NULL,NULL
Southern Grampians Shire Council,NULL,Horsham Rural City Council,Ararat Rural City Council,NULL
Stonnington City Council,NULL,Boroondara City Council,NULL,Glen Eira City Council
Strathbogie Shire Council,Greater Bendigo City Council,Greater Shepparton City Council,Benalla Rural City Council,NULL
Surf Coast Shire Council,Colac Otway Shire Council,NULL,Greater Geelong City Council,NULL
Swan Hill Rural City Council,Mildura Rural City Council,NULL,NULL,Buloke Shire Council
Towong Shire Council,Alpine Shire Council,NULL,NULL,East Gippsland Shire Council
Wangaratta Rural City Council,Benalla Rural City Council,NULL,Alpine Shire Council,NULL
Warrnambool City Council,NULL,Moyne Shire Council,NULL,NULL
Wellington Shire Council,Latrobe City Council,Baw Baw Shire Council,East Gippsland Shire Council,NULL
West Wimmera Shire Council,NULL,Mildura Rural City Council,Horsham Rural City Council,Glenelg Shire Council
Whitehorse City Council,Boroondara City Council,Manningham City Council,Maroondah City Council,Monash City Council
Whittlesea City Council,Hume City Council,Mitchell Shire Council,NULL,Darebin City Council
Wodonga City Council,Indigo Shire Council,NULL,NULL,NULL
Wyndham City Council,NULL,Melton Shire Council,Hobsons Bay City Council,NULL
Yarra City Council,Melbourne City Council,Darebin City Council,Boroondara City Council,NULL
Yarra Ranges Shire Council,NULL,NULL,NULL,Cardinia Shire Council
Yarriambiack Shire Council,Hindmarsh Shire Council,NULL,Buloke Shire Council,NULL
